,brand,price,processor,CPU,Ram,ROM,GPU,display_size,OS,warranty
0,0,49900,87.0,19,8,512,1.0,15.6,0,1
1,0,39900,28.0,18,8,512,2.0,15.6,0,1
2,1,26990,14.0,17,8,512,3.0,14.0,0,1
3,2,59729,32.0,6,16,512,4.0,14.0,0,1
4,3,69990,138.0,21,8,256,5.0,13.3,1,1
5,1,39990,32.0,6,8,512,3.0,14.0,0,1
6,4,36790,28.0,18,8,512,2.0,15.6,0,1
7,1,76990,49.0,22,16,512,6.0,15.6,0,1
8,5,48990,34.0,6,8,512,7.0,15.6,0,1
9,6,74990,32.0,6,16,512,3.0,13.3,0,1
10,2,49990,36.0,1,16,512,8.0,15.6,0,1
11,7,10990,149.0,16,4,128,9.0,14.1,0,1
12,5,72990,34.0,6,16,512,10.0,15.6,0,1
13,8,10990,159.0,20,4,64,11.0,11.6,2,1
14,2,29990,105.0,28,8,512,12.0,15.6,0,1
15,5,53649,,19,8,512,13.0,15.6,0,1
16,9,33990,14.0,17,8,512,8.0,14.0,0,1
17,10,79990,61.0,8,32,1000,4.0,15.6,0,1
18,0,68990,33.0,22,16,512,10.0,15.6,0,1
19,2,45990,18.0,28,8,512,14.0,15.6,0,1
20,5,49900,87.0,19,8,512,15.0,16.0,0,1
21,3,104990,142.0,21,8,256,16.0,13.6,1,1
22,1,54990,33.0,22,16,512,13.0,15.6,0,1
23,0,49580,,28,16,512,3.0,15.6,0,1
24,5,55990,92.0,24,16,512,15.0,16.0,0,1
25,0,43990,86.0,19,16,512,17.0,15.6,0,1
26,0,19850,68.0,16,4,256,18.0,15.6,3,1
27,1,28990,154.0,25,8,512,8.0,15.6,0,1
28,1,54999,32.0,6,16,512,13.0,15.6,0,1
29,4,70990,53.0,1,16,512,2.0,15.6,0,1
30,2,56889,99.0,19,8,512,10.0,15.6,0,1
31,1,179880,62.0,14,16,1000,19.0,16.0,0,1
32,0,53790,87.0,19,16,512,20.0,15.6,0,1
33,1,37990,86.0,19,16,512,21.0,15.6,0,1
34,1,96990,38.0,2,16,1000,22.0,15.6,0,1
35,0,71990,47.0,6,16,512,23.0,15.6,0,1
36,0,59990,,19,16,512,14.0,16.1,0,1
37,2,62990,33.0,22,16,1000,24.0,14.0,0,1
38,10,30990,28.0,18,8,512,4.0,14.0,0,1
39,2,74990,33.0,22,16,512,25.0,15.6,0,1
40,0,36490,14.0,17,8,512,2.0,15.6,0,1
41,4,77990,34.0,6,16,1000,10.0,15.6,0,1
42,6,54990,,1,16,512,8.0,15.6,0,1
43,2,41190,28.0,18,8,256,,15.6,0,1
44,5,89990,50.0,2,16,512,25.0,16.0,0,1
45,2,399999,64.0,14,32,1000,26.0,16.0,0,1
46,11,31990,20.0,28,8,512,24.0,15.6,0,1
47,4,31490,78.0,28,8,512,27.0,15.6,0,1
48,0,70590,33.0,22,16,512,10.0,15.6,0,1
49,5,104990,40.0,8,16,512,28.0,15.6,0,1
50,2,23990,149.0,16,8,256,29.0,15.6,0,1
51,0,37999,89.0,19,8,512,12.0,15.6,0,1
52,12,52990,33.0,22,16,512,2.0,14.0,0,1
53,2,30849,78.0,28,8,512,12.0,15.6,0,1
54,0,58990,33.0,22,8,512,14.0,15.6,0,1
55,13,34990,22.0,28,16,512,8.0,15.6,0,1
56,2,49990,113.0,24,16,512,17.0,16.0,0,1
57,0,51780,31.0,1,8,512,3.0,15.6,0,1
58,5,68990,24.0,24,16,512,30.0,15.6,0,1
59,5,85990,,9,16,1000,10.0,15.6,0,1
60,2,96990,56.0,2,16,512,6.0,15.6,0,1
61,2,148990,61.0,8,32,1000,28.0,16.0,0,1
62,5,72990,34.0,6,16,512,10.0,17.3,0,1
63,4,84490,54.0,6,16,1000,3.0,14.0,0,1
64,5,60990,38.0,2,16,512,7.0,15.6,0,1
65,10,33990,22.0,28,16,512,4.0,14.0,0,1
66,5,35990,14.0,17,16,512,31.0,14.0,0,1
67,1,60990,33.0,22,16,512,32.0,15.6,0,1
68,14,43990,34.0,6,16,512,3.0,14.0,0,1
69,5,62990,33.0,22,16,512,13.0,16.0,0,1
70,9,65990,24.0,24,16,1000,10.0,15.6,0,1
71,10,23990,12.0,27,8,512,8.0,15.6,0,1
72,5,61990,,19,16,512,10.0,15.6,0,1
73,4,36990,79.0,28,8,512,27.0,15.6,0,1
74,5,50970,87.0,19,16,512,33.0,16.0,0,1
75,4,184999,10.0,19,16,512,,15.6,4,0
76,0,109990,117.0,24,16,1000,6.0,16.1,0,1
77,13,42990,31.0,1,16,512,35.0,15.6,0,1
78,0,39150,28.0,18,8,512,8.0,15.6,0,1
79,1,92999,51.0,6,16,512,4.0,14.0,0,1
80,0,80990,117.0,24,16,512,25.0,16.1,0,1
81,0,55850,110.0,19,8,512,13.0,15.6,0,1
82,1,38990,20.0,28,8,512,,15.6,0,1
83,9,53990,17.0,19,16,1000,37.0,15.6,0,1
84,10,38990,31.0,1,16,512,4.0,14.0,0,1
85,0,139234,117.0,24,16,1000,28.0,16.0,0,1
86,9,57990,17.0,19,16,1000,10.0,15.6,0,1
87,2,89999,49.0,22,8,512,28.0,15.6,0,1
88,1,37990,16.0,28,16,512,3.0,14.0,0,1
89,5,30990,14.0,17,8,512,31.0,14.0,0,1
90,4,92990,50.0,2,16,512,25.0,15.6,0,1
91,0,42990,28.0,18,8,512,2.0,15.6,0,1
92,5,59089,,19,16,512,13.0,15.6,0,1
93,0,72999,33.0,22,16,512,10.0,15.6,0,1
94,0,126742,100.0,24,16,1000,,16.1,0,1
95,3,126990,142.0,21,8,256,38.0,15.3,1,1
96,6,49990,31.0,1,8,512,8.0,15.6,0,1
97,4,74390,32.0,6,16,512,8.0,14.0,0,1
98,4,52990,31.0,1,8,512,2.0,15.6,0,1
99,2,60990,18.0,28,8,512,39.0,15.6,0,1
100,0,98174,100.0,24,16,512,40.0,16.1,0,1
101,2,18990,135.0,16,8,256,12.0,14.0,0,1
102,5,38990,20.0,28,8,512,4.0,15.6,0,1
103,0,41950,81.0,19,8,512,17.0,14.0,0,1
104,14,46990,,28,16,512,3.0,15.6,5,1
105,15,9999,148.0,26,2,32,41.0,11.6,4,1
106,5,40990,29.0,1,8,512,2.0,15.6,0,1
107,2,74990,102.0,24,8,512,10.0,15.6,0,1
108,13,33990,28.0,18,8,512,35.0,15.6,0,1
109,13,39990,31.0,1,8,512,35.0,15.6,0,1
110,5,10990,149.0,16,4,32,42.0,11.6,6,1
111,9,88990,51.0,6,32,1000,25.0,15.6,0,2
112,0,54990,31.0,1,8,512,8.0,15.6,0,1
113,2,49990,113.0,24,8,512,17.0,15.6,0,1
114,5,80739,61.0,8,16,512,43.0,16.0,0,1
115,2,62990,36.0,1,16,512,4.0,15.6,0,1
116,0,62990,33.0,22,8,512,13.0,15.6,0,1
117,0,69501,124.0,19,16,512,13.0,15.6,0,1
118,2,59990,33.0,22,16,512,2.0,14.0,0,1
119,0,54990,124.0,19,8,512,13.0,15.6,0,1
120,2,64990,33.0,22,16,512,13.0,15.6,0,1
121,9,37729,28.0,18,16,512,4.0,15.6,0,1
122,2,50712,83.0,19,16,512,14.0,15.6,0,1
123,9,44990,22.0,28,16,512,4.0,14.0,0,1
124,16,23990,2.0,17,8,512,2.0,14.0,0,1
125,0,49990,90.0,24,16,512,44.0,15.6,0,1
126,0,72990,48.0,6,16,512,45.0,15.6,0,1
127,2,52101,23.0,28,16,512,43.0,15.6,0,1
128,10,28990,13.0,17,8,512,9.0,14.0,0,1
129,0,69490,36.0,1,16,512,7.0,15.6,0,1
130,1,39965,44.0,18,8,512,2.0,15.6,0,1
131,1,54990,46.0,1,16,512,13.0,14.0,0,1
132,5,46999,31.0,1,8,512,7.0,15.6,0,1
133,5,83990,51.0,6,16,512,4.0,15.6,0,1
134,0,51499,,19,8,512,20.0,15.6,0,1
135,4,50990,89.0,19,16,512,12.0,14.0,0,1
136,0,23990,150.0,16,4,128,9.0,15.6,6,1
137,1,27990,105.0,28,8,512,46.0,15.6,0,1
138,0,79990,46.0,1,16,1000,4.0,14.0,0,1
139,6,84390,53.0,1,16,512,3.0,15.6,0,1
140,10,24990,2.0,17,8,256,8.0,15.6,0,1
141,6,281990,61.0,8,32,1000,47.0,16.0,0,1
142,2,26590,134.0,16,8,512,48.0,15.6,0,1
143,10,37990,22.0,28,16,1000,4.0,14.0,0,1
144,5,71189,102.0,24,16,512,10.0,15.6,0,1
145,0,85999,117.0,24,16,512,25.0,16.1,0,1
146,2,93990,115.0,24,16,1000,12.0,14.0,0,1
147,5,84990,34.0,6,16,512,3.0,14.0,0,1
148,4,44190,43.0,15,8,1000,8.0,15.6,0,1
149,1,159990,62.0,14,16,1000,28.0,16.0,0,1
150,0,52990,87.0,19,16,512,20.0,15.6,0,1
151,1,39990,22.0,28,8,512,3.0,15.6,0,1
152,4,73990,46.0,1,16,1000,3.0,14.0,0,1
153,2,57500,19.0,28,16,512,49.0,15.6,0,1
154,5,59990,88.0,19,8,512,13.0,15.6,0,1
155,1,53990,33.0,22,16,512,14.0,15.6,0,1
156,5,33990,14.0,17,8,512,31.0,14.0,0,1
157,4,75990,47.0,6,16,512,3.0,16.0,0,1
158,3,144990,142.0,21,8,512,38.0,15.3,1,1
159,5,60539,,6,16,512,7.0,15.6,0,1
160,5,56990,95.0,24,16,512,50.0,15.6,7,1
161,0,75533,48.0,6,16,512,45.0,15.6,0,1
162,4,74990,50.0,2,8,512,25.0,15.6,0,1
163,5,94990,114.0,24,16,512,6.0,15.6,0,1
164,5,179990,64.0,14,16,1000,28.0,16.0,0,1
165,5,77990,33.0,22,16,512,10.0,16.0,0,1
166,0,37990,28.0,18,8,512,2.0,15.6,0,1
167,0,62990,46.0,1,16,512,23.0,15.6,0,1
168,1,129999,60.0,10,16,1000,28.0,16.0,0,1
169,0,52990,89.0,19,8,512,12.0,15.6,0,1
170,1,104990,60.0,10,16,512,6.0,16.0,0,1
171,17,47999,19.0,28,8,512,3.0,14.0,0,1
172,1,114499,60.0,10,16,1000,6.0,16.0,0,1
173,0,49990,28.0,18,8,512,2.0,15.6,0,1
174,5,39990,28.0,18,8,512,7.0,15.6,0,1
175,1,68990,110.0,19,16,512,10.0,15.6,0,1
176,1,79990,114.0,24,16,512,10.0,15.6,0,1
177,9,66490,24.0,24,16,512,51.0,15.6,0,2
178,5,69990,95.0,24,16,512,12.0,14.0,0,1
179,5,86490,51.0,6,16,512,4.0,15.6,0,1
180,0,32790,105.0,28,8,512,17.0,15.6,0,1
181,5,429990,,11,32,2000,26.0,16.0,0,1
182,4,49990,89.0,19,16,512,12.0,14.0,0,1
183,9,43990,109.0,19,16,512,17.0,14.0,0,1
184,9,36990,22.0,28,8,512,4.0,14.0,0,1
185,9,102990,38.0,2,16,1000,28.0,15.6,0,2
186,1,29990,154.0,25,8,256,8.0,15.6,0,1
187,0,77889,46.0,1,16,1000,4.0,14.0,0,1
188,6,69990,46.0,1,8,512,3.0,15.6,0,1
189,6,138990,54.0,6,16,1000,3.0,15.6,0,1
190,0,51990,,19,8,512,20.0,15.6,0,1
191,6,69990,47.0,6,8,512,3.0,14.0,0,1
192,5,72990,87.0,19,16,512,10.0,15.6,0,1
193,5,50400,87.0,19,16,512,15.0,16.0,0,1
194,4,108000,31.0,1,8,512,3.0,14.0,0,1
195,4,50990,31.0,1,8,1000,3.0,15.6,0,1
196,2,47990,18.0,28,8,512,39.0,15.6,0,1
197,0,91990,100.0,24,16,512,40.0,16.1,0,1
198,1,25449,70.0,17,8,256,12.0,14.0,0,1
199,1,33207,28.0,18,8,512,,15.6,0,1
200,0,52990,31.0,1,8,512,7.0,15.6,0,1
201,4,42434,89.0,19,8,512,12.0,14.0,0,1
202,0,42200,14.0,17,8,1000,8.0,15.6,0,1
203,0,41990,,19,16,512,12.0,15.6,0,1
204,5,80900,,24,16,512,30.0,15.6,0,1
205,5,38990,14.0,17,8,512,9.0,15.6,0,1
206,3,135990,143.0,20,8,512,38.0,13.6,1,1
207,5,72490,34.0,6,16,512,36.0,15.6,0,1
208,5,72490,34.0,6,16,512,3.0,14.0,0,1
209,4,35990,14.0,17,8,512,2.0,15.56,0,1
210,14,45989,,28,8,512,3.0,15.6,5,1
211,4,52500,,28,8,1000,3.0,15.6,4,1
212,4,59999,,28,8,512,52.0,14.0,8,1
213,3,112990,139.0,21,8,512,5.0,13.3,1,1
214,18,21990,71.0,28,8,512,53.0,14.0,4,1
215,3,201498,132.0,20,32,2000,54.0,16.0,9,1
216,0,64990,33.0,22,16,1000,13.0,15.6,0,1
217,2,68999,31.0,1,8,512,3.0,14.0,3,0
218,2,60990,110.0,19,8,512,13.0,15.6,0,1
219,4,40990,28.0,18,8,512,8.0,15.6,0,1
220,2,107690,117.0,24,16,512,28.0,15.6,0,1
221,2,25490,136.0,16,8,512,55.0,15.6,0,1
222,0,38999,28.0,18,8,512,2.0,15.6,0,1
223,10,59990,7.0,28,8,512,8.0,15.6,0,1
224,0,60990,33.0,22,8,512,13.0,15.6,0,1
225,0,55500,110.0,19,8,512,13.0,15.6,0,1
226,0,124999,59.0,8,16,1000,25.0,16.0,0,1
227,0,104990,117.0,24,16,1000,6.0,16.1,0,1
228,9,136990,38.0,2,16,1000,19.0,15.6,0,2
229,2,131990,117.0,24,16,1000,28.0,16.0,0,1
230,2,36490,14.0,17,8,512,2.0,14.0,0,1
231,5,188752,119.0,24,16,1000,28.0,13.4,0,1
232,0,36999,28.0,18,8,512,35.0,15.6,0,1
233,2,92890,47.0,6,16,1000,43.0,14.0,0,1
234,4,57990,44.0,18,8,256,2.0,14.0,0,1
235,0,51999,31.0,1,8,512,8.0,15.6,0,1
236,2,79990,51.0,6,16,512,4.0,14.0,0,1
237,2,76890,46.0,1,16,512,4.0,14.0,0,1
238,2,37790,81.0,19,8,512,50.0,15.6,0,1
239,1,17990,153.0,16,8,128,8.0,11.6,0,1
240,0,38990,28.0,18,8,512,8.0,15.6,0,1
241,2,41990,22.0,28,8,512,3.0,15.6,0,1
242,2,68990,49.0,22,16,512,43.0,14.0,0,2
243,0,69990,31.0,1,16,1000,4.0,14.0,0,1
244,1,56990,23.0,28,16,1000,4.0,14.0,0,1
245,5,89990,100.0,24,16,1000,56.0,15.6,0,1
246,9,62990,33.0,22,16,512,10.0,15.6,0,2
247,2,37990,28.0,18,8,512,2.0,15.6,0,1
248,2,58990,99.0,19,8,512,10.0,15.6,0,1
249,2,26990,134.0,16,8,512,48.0,15.6,0,1
250,5,94990,50.0,2,16,1000,25.0,16.0,0,1
251,5,86189,102.0,24,16,512,10.0,17.3,0,1
252,16,37990,28.0,18,12,512,29.0,13.5,0,1
253,2,194990,61.0,8,16,1000,28.0,16.0,0,1
254,2,51990,19.0,28,8,512,13.0,15.6,0,1
255,2,31990,14.0,17,8,256,2.0,15.6,0,1
256,1,41990,43.0,15,8,512,2.0,15.6,0,1
257,5,31990,14.0,17,8,256,8.0,15.6,0,1
258,5,51390,31.0,1,16,512,3.0,15.6,0,1
259,0,76900,46.0,1,16,1000,45.0,15.6,0,1
260,0,27890,153.0,16,8,512,8.0,15.6,0,1
261,2,56990,23.0,28,16,512,43.0,15.6,0,1
262,5,73990,96.0,24,16,1000,10.0,15.6,0,1
263,0,24999,70.0,17,8,512,12.0,15.6,10,1
264,0,33999,81.0,19,8,256,,15.6,11,1
265,2,61990,33.0,22,16,512,2.0,16.0,0,1
266,0,47990,83.0,19,8,512,57.0,15.6,0,1
267,5,53990,17.0,19,8,512,13.0,15.6,0,1
268,0,31890,70.0,17,8,512,12.0,15.6,0,1
269,5,62390,83.0,19,16,512,58.0,15.6,0,1
270,11,49990,23.0,28,16,512,24.0,14.0,0,1
271,11,29990,15.0,28,8,256,24.0,15.6,0,1
272,10,49990,36.0,1,16,512,4.0,14.0,0,1
273,4,43490,43.0,15,8,512,2.0,14.0,0,1
274,4,95640,46.0,1,16,1000,3.0,14.0,0,1
275,0,125990,117.0,24,16,1000,28.0,16.0,0,1
276,0,72990,46.0,1,16,1000,45.0,15.6,0,1
277,9,47990,17.0,19,8,512,13.0,15.6,0,2
278,0,99999,51.0,6,16,512,6.0,15.6,0,1
279,5,40990,28.0,18,8,512,59.0,15.6,0,1
280,5,94990,40.0,8,16,512,4.0,14.0,0,1
281,5,37990,27.0,17,8,512,2.0,15.6,0,1
282,2,73990,33.0,22,16,512,13.0,15.6,0,1
283,2,109990,117.0,24,16,512,28.0,15.6,0,1
284,1,65999,33.0,22,8,512,10.0,15.6,0,1
285,1,35990,86.0,19,8,512,21.0,15.6,0,1
286,5,37980,28.0,18,8,512,59.0,15.6,0,1
287,9,40789,22.0,28,16,512,4.0,15.6,0,1
288,4,450039,64.0,14,64,1000,26.0,18.0,0,1
289,5,89990,,2,16,1000,13.0,14.0,0,1
290,1,56990,46.0,1,16,512,60.0,15.6,0,1
291,19,16990,149.0,16,4,128,9.0,14.1,0,1
292,1,54990,34.0,6,8,512,4.0,14.0,0,1
293,4,67000,46.0,1,8,1000,3.0,14.0,0,1
294,2,34499,106.0,28,8,512,17.0,15.6,3,1
295,0,107763,59.0,8,16,512,4.0,14.0,0,1
296,4,61490,44.0,18,8,1000,2.0,14.0,0,1
297,0,80490,47.0,6,16,512,3.0,14.0,0,1
298,2,57990,110.0,19,16,512,13.0,15.6,0,1
299,9,39990,22.0,28,16,512,4.0,14.0,0,1
300,2,53990,28.0,18,8,512,8.0,14.0,0,1
301,4,44500,122.0,28,8,512,12.0,15.6,0,1
302,0,48999,108.0,28,16,512,17.0,14.0,0,1
303,0,116990,53.0,1,16,1000,61.0,15.6,0,1
304,1,30990,105.0,28,8,512,17.0,15.6,0,1
305,2,33790,105.0,28,8,512,48.0,15.6,0,1
306,9,51990,17.0,19,16,512,,15.6,0,2
307,5,45990,31.0,1,8,512,43.0,15.6,0,1
308,9,51990,17.0,19,8,512,,15.6,0,2
309,2,34099,28.0,18,8,512,8.0,15.6,3,1
310,0,65600,113.0,24,16,512,62.0,15.6,0,1
311,2,27990,105.0,28,8,512,12.0,15.6,3,1
312,2,46990,31.0,1,8,512,8.0,14.0,0,1
313,4,161590,57.0,7,16,1000,28.0,16.0,0,1
314,4,98990,53.0,1,16,512,3.0,14.0,0,1
315,2,172990,59.0,8,32,1000,26.0,16.0,0,1
316,1,25990,14.0,17,8,256,3.0,14.0,0,1
317,0,61990,87.0,19,16,512,10.0,15.6,0,1
318,5,76990,96.0,24,16,1000,17.0,14.0,0,1
319,4,126790,57.0,7,16,512,6.0,15.6,0,1
320,5,209990,61.0,8,16,1000,28.0,13.4,0,1
321,5,209990,64.0,14,16,1000,19.0,16.0,0,1
322,5,142990,57.0,7,16,1000,6.0,16.0,0,1
323,5,156990,61.0,8,16,1000,6.0,15.6,0,1
324,5,93980,51.0,6,16,512,51.0,14.0,0,1
325,5,53990,21.0,19,8,512,13.0,17.3,0,1
326,0,51990,31.0,1,8,512,23.0,15.6,0,1
327,5,35990,27.0,17,16,512,2.0,15.6,0,1
328,0,37990,28.0,18,8,512,8.0,15.6,0,1
329,0,46490,108.0,28,16,512,17.0,15.6,0,1
330,0,90490,54.0,6,16,1000,23.0,15.6,0,1
331,0,55990,,19,8,512,14.0,15.6,0,1
332,5,159990,61.0,8,16,1000,6.0,16.0,0,1
333,0,57990,46.0,1,8,512,23.0,15.6,0,1
334,1,104990,60.0,10,16,512,6.0,16.0,0,1
335,1,99990,52.0,8,16,512,6.0,16.0,0,1
336,9,80500,33.0,22,16,512,63.0,15.6,0,2
337,4,37990,86.0,19,8,512,12.0,14.0,0,1
338,0,34250,105.0,28,8,512,17.0,15.6,0,1
339,0,109990,59.0,8,16,512,6.0,15.6,0,1
340,0,33990,,17,8,512,9.0,15.6,0,1
341,5,79990,46.0,1,16,512,45.0,13.3,0,1
342,5,64990,51.0,6,16,512,64.0,15.6,0,1
343,5,109990,61.0,8,16,1000,4.0,15.6,0,1
344,9,62990,95.0,24,16,512,65.0,15.6,0,1
345,20,58999,47.0,6,16,512,3.0,14.0,0,1
346,9,420000,64.0,14,64,2000,66.0,17.3,0,2
347,2,23990,69.0,16,8,256,12.0,14.0,0,1
348,0,42999,108.0,28,8,512,17.0,15.6,0,1
349,0,38861,86.0,19,8,512,17.0,15.6,0,1
350,2,33590,28.0,18,8,512,8.0,15.6,0,1
351,0,15990,150.0,16,4,128,9.0,15.6,6,1
352,5,33980,105.0,28,8,512,17.0,14.0,0,1
353,1,78400,110.0,19,8,512,10.0,15.6,0,1
354,5,79990,95.0,24,16,512,10.0,15.6,0,1
355,1,47990,31.0,1,12,512,67.0,15.6,0,1
356,5,74990,83.0,19,16,512,10.0,15.6,0,1
357,9,45889,46.0,1,8,512,4.0,15.6,0,1
358,5,90990,113.0,24,16,512,17.0,14.0,0,1
359,5,50990,108.0,28,8,512,17.0,15.6,0,1
360,6,74990,46.0,1,16,512,3.0,15.6,0,1
361,10,25990,2.0,17,8,512,8.0,15.6,0,1
362,6,133990,53.0,1,16,1000,3.0,13.3,0,1
363,6,165990,54.0,6,16,1000,3.0,16.0,0,1
364,6,163990,54.0,6,16,512,3.0,16.0,0,1
365,6,109990,53.0,1,16,512,3.0,13.3,0,1
366,6,139990,54.0,6,16,512,3.0,14.0,0,1
367,6,109990,46.0,1,16,512,3.0,13.3,0,1
368,6,149990,54.0,6,16,512,3.0,16.0,0,1
369,6,179990,54.0,6,16,1000,3.0,16.0,0,1
370,6,155990,47.0,6,16,512,3.0,16.0,0,1
371,6,229900,61.0,8,32,512,47.0,16.0,0,1
372,2,35990,86.0,19,8,512,12.0,15.6,0,1
373,0,37990,14.0,17,8,512,2.0,15.6,0,1
374,0,34999,14.0,17,8,512,8.0,14.0,0,1
375,3,290990,144.0,5,32,1000,68.0,14.2,1,1
376,3,234990,145.0,5,16,1000,69.0,14.2,1,1
377,0,82799,34.0,6,16,512,4.0,14.0,0,1
378,4,31790,77.0,28,8,256,17.0,14.0,0,1
379,2,60990,92.0,24,8,512,10.0,15.6,0,1
380,9,86990,33.0,22,16,1000,28.0,15.6,0,1
381,4,52990,20.0,28,16,512,24.0,14.0,0,1
382,4,38990,86.0,19,8,512,12.0,14.0,0,1
383,5,52558,108.0,28,16,512,17.0,15.6,0,1
384,5,31990,14.0,17,8,512,31.0,14.0,0,1
385,0,34499,105.0,28,8,512,17.0,15.6,0,1
386,5,94490,47.0,6,16,512,3.0,14.0,0,1
387,0,33800,,17,8,512,9.0,15.6,0,1
388,6,74390,46.0,1,16,512,3.0,15.6,0,1
389,5,104490,47.0,6,16,512,,14.0,0,1
390,5,105739,61.0,8,16,1000,4.0,15.6,0,1
391,2,45500,28.0,18,8,512,2.0,15.6,0,1
392,5,50760,108.0,28,16,512,17.0,15.6,0,1
393,5,49990,108.0,28,16,512,17.0,14.0,0,1
394,5,33199,105.0,28,8,512,17.0,14.0,0,1
395,5,70990,95.0,24,16,512,10.0,15.6,0,1
396,1,64990,110.0,19,8,512,10.0,15.6,0,1
397,5,59990,109.0,19,16,512,17.0,16.0,0,1
398,5,88990,113.0,24,16,512,17.0,14.0,0,1
399,5,44990,108.0,28,8,512,17.0,15.6,0,1
400,0,77990,115.0,24,16,1000,17.0,13.3,0,1
401,5,70990,113.0,24,16,512,17.0,16.0,0,1
402,2,55990,87.0,19,8,512,14.0,15.6,0,1
403,21,43999,22.0,28,16,512,2.0,15.6,0,1
404,1,37990,108.0,28,8,512,46.0,15.6,0,1
405,0,64990,87.0,19,16,512,10.0,15.6,0,1
406,2,32990,137.0,28,8,512,12.0,15.6,0,1
407,6,179490,54.0,6,16,1000,3.0,16.0,0,1
408,10,56990,34.0,6,16,512,4.0,15.6,7,1
409,0,56990,,19,8,512,14.0,16.1,0,1
410,5,34990,27.0,17,8,512,2.0,15.6,0,1
411,0,83249,34.0,6,16,512,4.0,14.0,0,1
412,4,57990,31.0,1,16,512,2.0,14.0,0,1
413,0,85490,30.0,4,16,512,4.0,13.4,0,1
414,4,55890,31.0,1,8,512,3.0,15.6,0,1
415,5,40689,29.0,1,8,512,2.0,15.6,0,1
416,1,48990,31.0,1,16,512,67.0,15.6,0,1
417,0,66648,31.0,1,16,512,9.0,14.0,0,1
418,1,36990,28.0,18,8,512,8.0,15.6,0,1
419,22,74990,34.0,6,16,512,70.0,15.6,0,2
420,2,144990,40.0,8,32,1000,71.0,16.0,0,1
421,4,118499,25.0,28,16,512,3.0,14.0,4,3
422,2,35490,86.0,19,8,512,12.0,15.6,0,1
423,2,62889,94.0,24,16,512,50.0,14.0,0,1
424,2,63999,83.0,19,8,512,14.0,15.6,0,1
425,12,41990,81.0,19,8,512,50.0,14.0,0,1
426,5,49990,29.0,1,8,512,8.0,14.0,0,1
427,5,54990,31.0,1,8,512,8.0,14.0,0,1
428,2,119990,40.0,8,16,512,70.0,16.0,0,1
429,9,85990,40.0,8,16,512,30.0,16.0,0,2
430,9,85590,40.0,8,16,1000,72.0,16.0,0,2
431,2,31990,78.0,28,8,512,12.0,15.6,0,1
432,5,55800,83.0,19,16,512,12.0,14.0,0,1
433,14,72422,,23,16,512,2.0,14.0,0,1
434,1,31500,14.0,17,8,512,8.0,15.6,0,1
435,5,37990,14.0,17,8,512,31.0,14.0,0,1
436,0,63490,,19,8,512,10.0,15.6,0,1
437,2,60990,31.0,1,16,512,3.0,15.6,0,1
438,2,39900,81.0,19,8,512,50.0,15.6,0,1
439,5,33990,27.0,17,8,512,2.0,15.6,0,1
440,0,57580,31.0,1,16,512,3.0,15.6,0,1
441,5,339990,104.0,24,32,2000,73.0,16.0,0,1
442,0,34999,14.0,17,8,512,8.0,15.6,0,1
443,0,54990,31.0,1,8,512,7.0,15.6,0,1
444,0,35999,14.0,17,8,1000,2.0,15.6,0,1
445,0,41710,14.0,17,8,1000,8.0,15.6,0,1
446,4,50090,89.0,19,8,512,12.0,16.0,0,1
447,0,45890,,19,16,512,12.0,14.0,0,1
448,0,29990,69.0,16,8,512,12.0,15.6,0,1
449,0,37672,14.0,17,8,512,2.0,15.6,0,1
450,4,83523,100.0,24,16,512,10.0,15.6,0,1
451,1,52128,32.0,6,8,512,13.0,15.6,0,1
452,1,39990,31.0,1,8,512,,15.6,0,1
453,4,54790,93.0,24,8,512,27.0,15.6,0,1
454,1,147090,40.0,8,32,2000,22.0,16.0,0,1
455,0,67990,31.0,1,16,512,3.0,14.0,0,1
456,9,49290,21.0,19,8,512,74.0,15.6,4,2
457,5,51990,5.0,28,8,512,14.0,15.6,11,1
458,0,83149,36.0,1,16,1000,3.0,14.0,0,1
459,0,54999,31.0,1,8,512,7.0,15.6,0,1
460,6,74990,36.0,1,16,512,3.0,15.6,0,1
461,2,66990,92.0,24,16,512,10.0,15.6,0,1
462,0,61990,32.0,6,8,512,7.0,15.6,0,1
463,0,51573,,19,8,512,12.0,14.0,0,1
464,1,31500,14.0,17,8,256,8.0,15.6,7,1
465,1,29000,14.0,17,4,256,8.0,15.6,0,1
466,0,32990,76.0,28,8,512,17.0,15.6,7,1
467,2,36990,81.0,19,8,512,50.0,15.6,0,1
468,3,239900,141.0,3,16,1000,75.0,14.2,1,1
469,3,309490,140.0,0,32,1000,76.0,16.2,1,1
470,4,49990,20.0,28,8,512,3.0,15.6,5,1
471,4,40250,14.0,17,8,1000,35.0,15.6,4,1
472,5,59990,11.0,24,16,512,14.0,15.6,4,1
473,4,57990,20.0,28,8,1000,77.0,15.6,4,1
474,17,36999,,17,8,256,2.0,14.0,4,1
475,14,53990,,19,16,512,12.0,15.6,5,1
476,14,48990,,19,16,512,12.0,14.0,5,1
477,23,39990,20.0,28,8,512,3.0,14.0,4,2
478,0,37290,70.0,17,8,1000,78.0,15.6,4,1
479,24,60390,72.0,28,8,128,79.0,15.0,4,1
480,20,54999,,28,8,256,80.0,15.6,4,1
481,0,90464,129.0,28,8,512,81.0,14.0,4,3
482,1,54490,128.0,28,8,512,82.0,14.0,4,1
483,3,199900,146.0,26,8,512,83.0,13.3,12,1
484,4,89999,20.0,28,8,256,2.0,13.3,5,1
485,4,260000,39.0,1,32,1000,3.0,14.1,7,1
486,1,45999,22.0,28,16,1000,3.0,15.6,0,1
487,2,106990,37.0,6,16,1000,2.0,16.0,0,3
488,2,221990,53.0,1,16,1000,3.0,14.0,0,1
489,1,146990,40.0,8,32,2000,22.0,16.0,0,1
490,5,52990,5.0,28,8,512,14.0,15.6,11,1
491,1,59990,32.0,6,8,512,4.0,14.0,0,1
492,4,52990,20.0,28,8,512,9.0,15.6,11,1
493,6,64490,31.0,1,16,512,4.0,15.6,0,1
494,6,78990,32.0,6,8,512,84.0,15.6,0,1
495,6,59900,,4,8,512,3.0,15.6,0,1
496,0,55990,84.0,19,16,512,17.0,14.0,0,1
497,2,19990,,16,4,256,8.0,15.6,3,1
498,17,47990,19.0,28,16,512,3.0,14.0,0,1
499,6,112990,,24,16,512,3.0,13.3,0,1
500,6,101990,,24,16,512,3.0,13.3,0,1
501,6,102990,32.0,6,16,512,3.0,13.3,0,1
502,5,33499,157.0,27,4,128,2.0,13.3,0,1
503,0,33999,76.0,28,8,512,17.0,15.6,7,1
504,3,215994,141.0,0,16,512,75.0,16.2,1,1
505,3,215994,141.0,3,16,1000,75.0,14.2,1,1
506,5,26500,,17,4,1000,2.0,15.6,4,1
507,14,79990,,28,16,512,3.0,15.6,5,1
508,4,68000,18.0,28,16,512,3.0,15.6,4,1
509,2,47925,20.0,28,8,512,4.0,15.6,4,1
510,14,59990,,24,16,512,12.0,15.6,5,1
511,4,67800,,28,8,512,52.0,14.0,8,1
512,24,60490,72.0,28,8,128,79.0,15.0,4,1
513,3,72999,1.0,28,8,256,85.0,13.3,13,0
514,3,109999,9.0,28,8,512,85.0,13.3,13,0
515,4,87990,130.0,28,8,256,86.0,13.3,4,1
516,0,121900,133.0,19,16,512,87.0,15.6,4,0
517,5,136490,131.0,19,16,1000,88.0,15.6,4,1
518,22,143700,34.0,6,8,512,6.0,15.6,0,2
519,0,50490,91.0,24,16,512,50.0,15.6,0,1
520,4,71990,46.0,1,16,1000,2.0,15.6,0,1
521,4,136899,57.0,7,16,1000,6.0,15.6,0,1
522,2,62990,81.0,19,16,512,12.0,14.0,0,1
523,5,43990,108.0,28,8,512,17.0,14.0,0,1
524,1,33990,108.0,28,8,512,17.0,15.6,0,1
525,5,58990,109.0,19,16,1000,3.0,15.6,0,1
526,9,154990,59.0,8,16,1000,19.0,15.6,0,2
527,9,69990,25.0,28,16,1000,7.0,15.6,4,2
528,2,50000,14.0,17,8,512,3.0,14.0,3,3
529,2,36990,,28,8,512,12.0,15.6,0,1
530,5,76500,111.0,24,16,512,89.0,15.6,0,1
531,2,33990,28.0,18,8,256,,15.6,0,1
532,2,32990,105.0,28,8,512,55.0,15.6,0,1
533,5,103221,51.0,6,16,512,90.0,16.0,0,1
534,5,89990,,22,16,512,90.0,16.0,0,1
535,2,56990,19.0,28,8,512,,15.6,0,1
536,5,44980,108.0,28,16,512,17.0,14.0,0,1
537,5,23990,147.0,16,8,256,8.0,14.0,7,1
538,5,76990,96.0,24,16,512,10.0,15.6,0,1
539,1,26920,153.0,16,8,64,8.0,14.0,6,1
540,7,14490,149.0,16,4,256,9.0,14.1,0,1
541,4,38990,14.0,17,8,512,2.0,15.6,0,1
542,2,52990,85.0,28,8,512,13.0,15.6,0,1
543,0,362999,62.0,14,32,1000,,17.3,11,1
544,1,64990,49.0,22,16,512,13.0,15.6,0,1
545,1,62990,49.0,22,16,512,13.0,15.6,0,1
546,1,18990,153.0,16,8,256,8.0,11.6,0,1
547,0,169999,60.0,10,16,512,6.0,16.1,0,1
548,0,189999,60.0,10,16,1000,28.0,16.1,0,1
549,0,298999,62.0,14,32,2000,19.0,16.1,0,1
550,0,99999,126.0,24,16,1000,91.0,14.0,0,1
551,0,267999,60.0,10,16,1000,66.0,17.3,0,1
552,2,108990,59.0,8,16,1000,25.0,16.0,11,3
553,2,51990,19.0,28,8,512,14.0,15.6,0,1
554,5,62608,21.0,19,16,512,13.0,17.3,0,1
555,1,57999,32.0,6,8,512,13.0,15.6,0,1
556,4,62990,46.0,1,8,512,3.0,14.0,0,1
557,2,71990,49.0,22,16,512,43.0,14.0,0,2
558,2,297990,62.0,14,32,1000,92.0,16.0,0,1
559,2,138490,56.0,2,16,1000,28.0,16.0,0,1
560,2,103395,95.0,24,16,512,70.0,16.0,0,1
561,2,88990,,24,16,512,10.0,16.0,11,3
562,9,419990,63.0,13,64,2000,93.0,16.0,0,2
563,2,87990,53.0,1,16,512,4.0,14.0,0,1
564,2,48990,31.0,1,8,512,3.0,15.6,0,1
565,9,79990,114.0,24,16,512,94.0,15.6,0,1
567,0,26990,153.0,16,8,512,2.0,14.0,0,1
568,1,13990,151.0,16,4,64,8.0,11.6,6,1
569,1,49990,23.0,28,16,1000,4.0,14.0,0,1
570,9,59990,110.0,19,8,512,94.0,15.6,0,1
571,5,91990,100.0,24,16,1000,56.0,15.6,0,1
572,5,95689,61.0,8,16,1000,43.0,16.0,0,1
573,1,26732,151.0,16,8,128,8.0,14.0,6,1
574,0,89999,20.0,28,16,512,2.0,14.0,0,1
575,5,69990,95.0,24,16,1000,12.0,14.0,0,1
576,5,65391,83.0,19,16,1000,12.0,14.0,0,1
577,2,90000,74.0,24,16,512,12.0,14.0,4,1
578,2,38390,28.0,18,8,512,2.0,15.6,0,1
579,2,40990,108.0,28,8,512,55.0,15.6,0,1
580,2,50990,80.0,28,8,512,95.0,15.6,0,1
581,4,47990,20.0,28,8,512,2.0,15.6,0,1
582,4,59990,31.0,1,16,512,96.0,15.6,0,1
583,4,61990,46.0,1,8,512,,15.6,0,1
584,2,31990,105.0,28,8,512,50.0,14.0,0,1
585,9,129990,59.0,8,32,1000,6.0,16.0,0,2
586,2,49989,31.0,1,8,512,8.0,15.6,0,1
587,4,42990,86.0,19,8,512,12.0,15.6,0,1
588,9,259990,59.0,8,32,1000,97.0,16.0,0,2
589,2,44690,43.0,15,8,512,2.0,15.6,0,1
590,2,61990,109.0,19,16,512,17.0,14.0,0,1
591,0,123300,36.0,1,16,1000,3.0,16.0,0,1
592,4,74499,46.0,1,16,1000,2.0,15.6,0,1
593,2,47990,19.0,28,8,512,58.0,15.6,0,1
594,2,85990,113.0,24,16,1000,12.0,13.3,0,1
595,2,61990,94.0,24,16,512,50.0,14.0,0,1
596,7,21990,2.0,17,8,256,98.0,14.1,0,1
597,0,49990,,19,8,512,1.0,15.6,0,1
598,2,112990,117.0,24,16,512,6.0,16.0,0,1
599,2,127990,117.0,24,16,512,28.0,16.0,0,1
600,0,91590,,1,16,512,4.0,14.0,0,1
601,0,103060,51.0,6,16,512,6.0,15.6,0,1
602,0,39600,105.0,28,8,512,17.0,15.6,0,1
603,2,137590,117.0,24,16,512,28.0,16.0,0,1
604,2,53980,113.0,24,16,512,17.0,16.0,0,1
605,1,54990,107.0,19,16,512,12.0,14.0,0,1
606,5,28099,152.0,16,8,512,99.0,15.6,7,1
607,0,415000,35.0,1,16,1000,3.0,17.0,0,1
608,25,64990,45.0,1,16,512,3.0,13.3,0,2
609,25,84990,53.0,1,16,1000,3.0,13.3,0,2
610,21,52999,23.0,28,16,1000,2.0,15.6,0,1
611,21,34999,14.0,17,8,512,2.0,15.6,0,1
612,5,65990,111.0,24,16,1000,89.0,15.6,0,1
613,0,56990,110.0,19,8,512,13.0,15.6,0,1
614,2,88999,20.0,28,16,1000,3.0,15.6,4,1
615,2,35990,14.0,17,8,512,2.0,15.6,0,1
616,2,111490,54.0,6,16,512,43.0,14.0,0,1
617,0,50990,31.0,1,8,512,3.0,15.6,0,1
618,2,89500,31.0,1,16,512,3.0,15.6,0,1
619,2,66388,109.0,19,16,512,12.0,14.0,0,1
620,5,66990,88.0,19,16,1000,10.0,15.6,0,1
621,5,74990,96.0,24,16,1000,10.0,15.6,0,1
622,0,26990,70.0,17,8,512,12.0,15.6,10,1
623,4,65990,46.0,1,8,1000,8.0,15.6,0,1
624,5,87990,38.0,2,16,1000,10.0,16.0,0,1
625,4,36480,14.0,17,8,512,2.0,15.6,0,1
626,4,63989,46.0,1,8,1000,100.0,15.6,0,1
627,5,90990,,12,16,1000,10.0,15.6,11,1
628,5,104990,38.0,2,16,512,101.0,16.0,0,1
629,0,64800,31.0,1,8,512,35.0,14.0,3,1
630,5,27990,153.0,16,4,64,8.0,14.0,6,1
631,5,14990,153.0,16,4,128,8.0,14.0,6,1
632,5,22990,153.0,16,4,64,8.0,15.6,6,1
633,5,23990,153.0,16,4,128,8.0,15.6,6,1
634,0,42900,28.0,18,8,512,35.0,15.6,0,1
635,22,130000,56.0,2,16,512,28.0,16.0,0,0
636,22,94990,34.0,6,8,512,28.0,15.6,0,2
637,2,57990,91.0,24,16,512,17.0,15.6,0,1
638,5,104222,38.0,2,16,512,90.0,16.0,0,1
639,25,69990,46.0,1,16,512,3.0,14.0,0,2
640,2,63990,113.0,24,16,512,102.0,14.0,0,1
641,2,48990,108.0,28,8,512,48.0,15.6,0,1
642,2,46990,31.0,1,8,512,8.0,15.6,3,1
643,0,55990,124.0,19,8,512,13.0,15.6,0,1
644,5,66990,33.0,22,16,512,10.0,16.0,0,1
645,5,89990,33.0,22,16,512,90.0,16.0,0,1
646,9,62990,21.0,19,16,512,10.0,15.6,0,2
647,9,85990,38.0,2,16,512,25.0,15.6,0,2
648,2,47100,28.0,18,8,512,2.0,15.6,0,1
649,2,91990,115.0,24,16,512,12.0,14.0,0,1
650,5,67990,87.0,19,16,512,103.0,15.6,0,1
651,1,39990,86.0,19,16,512,17.0,14.0,0,1
652,1,36990,86.0,19,8,512,17.0,14.0,0,1
653,5,33990,105.0,28,8,512,17.0,14.0,0,1
654,2,43800,,28,8,512,,14.0,3,1
655,0,179490,121.0,24,32,1000,19.0,16.1,0,1
656,22,164990,59.0,8,16,1000,6.0,14.0,0,2
657,4,84990,53.0,1,16,1000,3.0,14.0,0,1
658,25,104990,55.0,6,16,1000,3.0,14.0,0,2
659,5,57990,17.0,19,16,512,13.0,15.6,0,1
660,0,58990,124.0,19,8,512,13.0,15.6,0,1
661,4,304990,41.0,8,32,1000,22.0,15.6,0,1
663,7,28990,8.0,28,8,512,98.0,14.1,0,1
664,1,39900,154.0,25,8,512,2.0,14.0,0,1
665,2,36490,14.0,17,8,512,8.0,15.6,0,1
666,2,87490,56.0,2,16,512,8.0,14.0,0,1
667,4,44990,43.0,15,8,1000,8.0,15.6,0,1
668,2,107990,54.0,6,16,512,3.0,14.0,0,1
669,4,46900,122.0,28,8,1000,12.0,15.6,0,1
670,4,98890,54.0,6,16,1000,3.0,13.3,0,1
671,4,76990,46.0,1,8,1000,3.0,14.0,0,1
672,4,86990,47.0,6,16,1000,3.0,13.3,0,1
673,4,86990,46.0,1,16,1000,3.0,14.0,0,1
674,4,58490,46.0,1,8,512,3.0,14.0,0,1
675,0,69199,87.0,19,16,512,10.0,15.6,0,1
676,9,45990,17.0,19,8,512,14.0,15.6,0,2
677,9,94990,38.0,2,16,512,28.0,15.6,0,2
678,9,97990,38.0,2,8,1000,28.0,17.3,0,2
679,9,179990,61.0,8,16,1000,19.0,17.3,0,2
680,9,125990,59.0,8,8,1000,28.0,17.3,0,2
681,0,116463,51.0,6,16,512,6.0,15.6,0,1
683,0,153625,52.0,8,16,512,6.0,16.1,0,1
684,0,270129,62.0,14,32,1000,19.0,16.1,0,1
685,22,149990,34.0,6,16,1000,19.0,15.6,11,2
686,2,58990,109.0,19,16,512,102.0,14.0,0,1
687,0,107190,35.0,1,16,512,4.0,13.3,0,1
688,16,32999,4.0,28,16,512,2.0,15.6,0,1
689,0,102090,49.0,22,16,512,6.0,16.1,0,1
690,0,231746,58.0,1,16,512,3.0,13.5,0,1
691,5,81990,38.0,2,16,512,10.0,16.0,0,1
692,4,36890,14.0,17,8,512,2.0,15.6,0,1
693,2,87990,33.0,22,16,512,6.0,15.6,0,1
694,0,77990,46.0,1,16,512,4.0,14.0,0,1
695,22,117574,34.0,6,8,512,28.0,15.6,0,2
696,2,97990,117.0,24,16,512,6.0,15.6,0,1
697,9,284990,64.0,14,32,1000,66.0,16.0,0,2
698,9,344990,64.0,14,32,2000,26.0,17.0,0,2
699,0,146599,60.0,10,16,1000,28.0,16.1,0,1
700,1,44990,20.0,28,8,512,104.0,15.6,0,1
701,2,57990,109.0,19,16,512,12.0,14.0,0,1
702,0,128599,117.0,24,16,512,28.0,16.0,0,1
703,5,21990,160.0,16,4,256,59.0,15.6,0,1
704,0,151990,60.0,10,16,512,28.0,16.1,0,1
705,10,52990,26.0,28,16,1000,4.0,15.6,0,1
706,2,119888,22.0,28,16,1000,35.0,14.0,4,1
707,0,22990,67.0,16,4,256,18.0,15.6,0,1
708,2,76888,109.0,19,16,512,12.0,13.3,0,1
709,4,256990,59.0,8,16,1000,105.0,15.6,0,1
710,4,83090,47.0,6,16,512,3.0,13.3,0,1
711,4,67999,19.0,28,16,512,104.0,15.6,0,1
712,1,96256,40.0,8,16,512,10.0,15.6,0,1
713,9,77990,32.0,6,16,512,4.0,14.0,0,1
714,4,323290,62.0,14,32,1000,66.0,16.0,0,1
715,4,67990,98.0,24,16,512,44.0,14.0,0,1
716,9,82990,32.0,6,8,512,4.0,13.3,0,2
717,4,199990,125.0,24,16,1000,106.0,16.0,0,1
718,22,189999,40.0,8,16,1000,71.0,16.0,11,2
719,2,73990,109.0,19,16,512,50.0,13.3,0,3
720,5,67990,83.0,19,16,512,10.0,15.6,0,1
721,5,142990,40.0,8,16,1000,6.0,16.0,0,1
722,2,64990,94.0,24,16,512,50.0,14.0,0,1
723,5,84800,38.0,2,16,512,13.0,16.0,0,1
724,2,64990,109.0,19,16,512,17.0,14.0,0,1
725,1,129990,117.0,24,16,512,28.0,16.0,0,1
726,1,114990,117.0,24,8,512,28.0,16.0,0,1
727,1,80000,53.0,1,8,512,60.0,15.6,0,1
728,1,54990,46.0,1,16,512,60.0,15.6,0,1
729,26,98999,47.0,6,16,512,3.0,14.0,0,1
730,4,69990,6.0,28,8,512,2.0,14.0,5,1
731,5,76990,95.0,24,16,512,10.0,15.6,0,1
732,25,74990,46.0,1,16,512,3.0,14.0,0,2
733,25,89990,54.0,6,16,512,3.0,14.0,0,2
734,0,29999,,27,8,512,9.0,15.6,11,1
735,0,97705,31.0,1,16,512,,16.0,0,1
736,0,240707,41.0,8,32,1000,70.0,16.0,0,1
737,0,234990,,8,16,1000,,16.0,0,1
738,0,209990,,8,16,1000,70.0,16.0,0,1
739,0,390914,41.0,8,32,1000,108.0,16.0,0,1
740,0,172588,,8,16,1000,70.0,16.0,0,1
741,0,254657,,8,16,1000,,16.0,0,1
742,26,152499,54.0,6,16,1000,,16.0,0,1
743,2,23990,,16,4,256,42.0,11.6,0,1
744,5,119990,101.0,24,16,512,,14.0,0,1
745,26,78299,109.0,19,16,512,109.0,16.0,0,1
746,26,115990,54.0,6,16,512,3.0,14.0,0,1
747,5,61990,46.0,1,16,512,43.0,15.6,0,1
748,0,26999,70.0,17,8,512,12.0,15.6,3,1
749,0,103099,49.0,22,16,512,6.0,16.1,0,1
750,10,64990,59.0,8,32,1000,4.0,15.6,0,1
751,2,47990,31.0,1,8,512,2.0,14.0,0,2
752,2,24990,75.0,16,8,256,8.0,14.0,4,1
753,2,130800,,28,16,512,104.0,14.0,0,1
754,9,57990,24.0,24,16,512,14.0,15.6,0,2
755,2,38500,106.0,28,8,512,17.0,15.6,3,1
756,9,47990,17.0,19,8,512,14.0,15.6,0,2
757,2,44990,106.0,28,8,512,12.0,14.0,0,1
758,9,69990,,22,16,512,10.0,15.6,0,2
761,5,65990,66.0,1,16,512,43.0,15.6,0,1
762,2,58990,109.0,19,8,512,12.0,14.0,0,1
763,0,94990,46.0,1,16,512,4.0,15.6,0,1
764,0,86490,113.0,24,16,512,17.0,15.6,0,1
765,0,77490,109.0,19,16,512,17.0,15.6,0,1
766,0,85490,109.0,19,16,512,17.0,15.6,0,1
767,2,44000,43.0,15,8,512,59.0,15.6,0,1
768,0,51990,108.0,28,16,512,17.0,14.0,0,1
769,4,37990,14.0,17,8,1000,2.0,15.6,0,1
770,0,34990,105.0,28,8,512,17.0,14.0,0,1
771,2,57799,109.0,19,16,512,12.0,14.0,0,1
772,2,65990,31.0,1,8,512,2.0,15.6,0,1
773,2,53990,31.0,1,8,512,110.0,15.6,0,1
774,2,49990,83.0,19,8,512,14.0,15.6,0,1
775,9,171990,56.0,2,16,1000,28.0,15.6,0,2
776,0,44990,44.0,18,8,512,2.0,14.0,0,1
777,0,115990,53.0,1,16,1000,61.0,15.6,0,1
778,0,50990,108.0,28,16,512,17.0,14.0,0,1
779,0,109990,53.0,1,16,512,61.0,15.6,0,1
780,1,29990,73.0,28,8,256,12.0,14.0,0,1
781,5,163999,121.0,24,16,1000,6.0,14.0,0,1
782,5,58990,,19,8,1000,13.0,15.6,0,1
783,4,83990,53.0,1,16,512,3.0,14.0,0,1
784,4,43890,86.0,19,8,512,27.0,15.6,0,1
785,27,79999,114.0,24,32,2000,111.0,16.0,0,1
786,2,35490,14.0,17,8,512,3.0,15.6,0,1
787,0,137890,102.0,24,32,1000,112.0,15.6,0,1
788,4,94990,36.0,1,16,512,3.0,14.0,0,1
789,2,67990,33.0,22,16,512,10.0,15.6,0,1
790,0,46990,108.0,28,8,512,17.0,14.0,0,1
791,5,94990,38.0,2,16,512,90.0,16.0,0,1
792,9,83500,,19,8,512,14.0,17.3,5,1
793,9,91990,33.0,22,16,512,6.0,15.6,0,2
794,9,111990,38.0,2,16,512,28.0,15.6,0,2
795,0,67990,31.0,1,16,512,3.0,15.6,0,1
796,2,67999,31.0,1,8,512,7.0,14.0,3,1
797,2,46200,28.0,18,8,512,113.0,14.0,3,1
798,4,52998,28.0,18,8,512,113.0,16.0,11,1
799,4,45499,86.0,19,8,512,12.0,15.6,0,1
800,2,49999,28.0,18,8,512,113.0,14.0,0,1
801,1,29980,154.0,25,8,256,2.0,15.6,0,1
802,4,57290,123.0,19,8,512,12.0,16.0,0,1
803,0,58990,22.0,28,8,512,4.0,14.0,0,1
804,28,199990,127.0,24,32,1000,28.0,14.0,0,1
805,9,79990,114.0,24,16,512,25.0,15.6,0,2
806,9,78990,110.0,19,16,512,25.0,15.6,0,2
807,1,51990,46.0,1,8,512,3.0,14.0,0,1
808,9,104990,114.0,24,16,1000,114.0,17.3,0,1
809,9,104990,112.0,24,16,1000,114.0,15.6,0,1
810,1,39990,16.0,28,8,512,3.0,14.0,0,1
811,9,59990,24.0,24,16,512,13.0,15.6,0,2
813,5,47890,31.0,1,8,512,43.0,15.6,0,1
814,9,85490,110.0,19,16,512,115.0,15.6,0,1
815,9,94990,112.0,24,16,1000,115.0,15.6,0,1
816,9,95490,114.0,24,16,1000,115.0,17.3,0,1
817,0,54999,28.0,18,8,512,12.0,15.6,0,1
818,2,159000,37.0,6,16,512,3.0,14.0,0,1
819,4,80610,32.0,6,16,512,116.0,16.0,11,1
820,9,77990,32.0,6,8,512,4.0,13.3,0,2
821,4,303490,59.0,8,32,1000,28.0,17.0,0,1
822,4,201990,54.0,6,32,1000,3.0,13.4,0,1
823,4,278290,59.0,8,32,1000,105.0,15.6,0,1
824,2,286200,62.0,14,32,1000,92.0,16.0,0,1
825,2,157544,,6,16,1000,117.0,16.0,0,1
826,2,140990,116.0,24,16,1000,117.0,16.0,0,1
827,2,133000,36.0,1,16,512,3.0,14.0,0,1
828,2,72500,31.0,1,8,512,3.0,14.0,3,1
829,26,127000,47.0,6,8,512,3.0,14.0,0,1
830,26,146990,54.0,6,16,1000,118.0,17.0,0,1
831,26,142990,54.0,6,16,1000,118.0,16.0,0,1
832,26,205000,47.0,6,8,256,,16.0,0,1
833,26,89799,113.0,24,16,512,109.0,16.0,0,1
834,2,63999,31.0,1,16,1000,59.0,14.0,0,1
835,4,43490,82.0,19,8,512,50.0,15.6,0,1
836,29,12990,149.0,16,4,128,9.0,14.1,0,1
837,29,15990,149.0,16,4,256,9.0,15.6,0,1
838,9,36990,28.0,18,16,512,8.0,14.0,0,1
839,5,63990,33.0,22,16,512,13.0,14.0,0,1
840,2,45990,31.0,1,8,512,59.0,14.0,0,1
841,2,34990,86.0,19,8,512,17.0,15.6,3,1
842,2,41490,86.0,19,8,512,17.0,15.6,0,1
843,5,64990,95.0,24,16,512,13.0,15.6,0,1
844,0,57990,,19,8,512,,16.1,0,1
845,1,54990,33.0,22,16,512,14.0,15.6,0,1
846,4,208990,56.0,2,16,1000,119.0,14.0,0,1
847,5,91560,51.0,6,16,1000,4.0,15.6,0,1
848,2,74000,20.0,28,16,512,3.0,14.0,0,3
849,2,51999,31.0,1,8,512,8.0,15.6,0,1
850,2,31990,105.0,28,8,512,12.0,15.6,0,1
851,2,32490,14.0,17,8,256,8.0,15.6,0,1
852,2,74888,155.0,28,16,512,104.0,15.6,0,1
853,0,66500,,19,8,512,14.0,16.1,0,1
854,4,156799,57.0,7,16,1000,28.0,16.0,0,1
855,4,166899,57.0,7,32,1000,28.0,16.0,0,1
856,4,89990,53.0,1,16,512,3.0,14.0,0,1
857,0,171499,,10,16,1000,28.0,17.3,0,1
858,0,29999,158.0,27,8,512,2.0,14.0,0,1
859,2,35998,14.0,17,8,512,8.0,15.6,0,2
860,4,44989,43.0,15,8,512,8.0,15.6,0,1
861,1,34990,28.0,18,8,512,,15.6,0,1
862,10,48990,26.0,28,16,512,4.0,14.0,0,1
863,4,72990,46.0,1,8,512,3.0,14.0,0,1
864,4,71570,46.0,1,16,512,3.0,14.0,0,1
865,0,74990,95.0,24,16,512,10.0,15.6,0,1
866,5,25990,152.0,16,8,256,120.0,15.6,0,1
867,0,46490,97.0,24,8,512,50.0,14.0,3,1
868,4,64590,46.0,1,8,512,3.0,14.0,0,1
869,4,63990,46.0,1,8,512,8.0,15.6,0,1
870,9,247999,61.0,8,32,1000,19.0,17.0,0,3
871,4,93990,46.0,1,8,512,3.0,16.0,0,1
872,0,51990,87.0,19,8,512,,15.6,0,1
873,5,47990,109.0,19,8,512,17.0,16.0,0,1
874,2,34390,28.0,18,8,512,8.0,14.0,3,1
875,1,50990,33.0,22,8,512,14.0,15.6,0,1
876,0,28490,150.0,16,8,512,9.0,15.0,11,1
877,9,79990,38.0,2,8,512,25.0,15.6,0,2
878,9,79990,33.0,22,16,1000,25.0,15.6,0,2
879,1,29990,73.0,28,8,512,27.0,14.0,0,1
880,0,59990,87.0,19,8,512,10.0,15.6,0,1
881,1,107399,118.0,24,16,1000,17.0,16.0,0,1
882,4,129199,57.0,7,16,512,28.0,15.6,0,1
883,4,119990,57.0,7,16,512,6.0,15.6,0,1
884,4,187490,,14,16,1000,28.0,16.0,0,1
885,4,125699,57.0,7,16,512,6.0,15.6,0,1
886,1,49990,44.0,18,16,512,8.0,14.0,7,1
887,1,56990,46.0,1,16,512,4.0,15.6,0,1
888,5,44990,65.0,18,8,512,59.0,15.6,0,1
889,5,110000,102.0,24,16,1000,70.0,15.6,11,1
890,5,189990,121.0,24,32,1000,28.0,14.0,0,1
891,5,129990,59.0,8,16,512,6.0,15.6,0,1
892,5,131990,121.0,24,16,1000,6.0,15.6,0,1
